Sensors,Target_Type,Target_Count,Tikhonov_RMSE,CE_CNN_RMSE,RMSE_Improvement_%,Tikhonov_PSNR,CE_CNN_PSNR,PSNR_Improvement_%,Tikhonov_SSIM,CE_CNN_SSIM,SSIM_Improvement_%,Tikhonov_FSIM,CE_CNN_FSIM,FSIM_Improvement_%
16,smooth,1,0.0744839020736398,0.04193584128589553,43.698114467157026,22.558751590948024,27.548292801275615,22.117984633199764,0.24161172803317424,0.9265055127247886,283.46876629994375,0.5316818798784797,0.8412103831954546,58.216861441228765
16,smooth,2,0.09901911474964113,0.05008957983896936,49.41423182219381,20.0856192133051,26.005052224817188,29.47100086210407,0.30464930490183934,0.9077774661688284,197.97457324293654,0.6223785771283143,0.8087211789083868,29.940394581038838
16,smooth,3,0.11327465107541376,0.05346128668037448,52.80383901179967,18.917345338438924,25.439211861285813,34.47559055548266,0.42832650163010855,0.8820389959407087,105.92678542744345,0.6429707830470907,0.778693726489657,21.108726402677938
16,smooth,5,0.1356681211030645,0.05268783518671688,61.16417419336785,17.350443791906144,25.56579290300903,47.34950419501826,0.6352301085148425,0.8865180316871856,39.558566227260556,0.68737674196056,0.7774660472571135,13.106248698435403
16,solid,1,0.07816011015923587,0.08189011587021564,-4.772262607333352,22.140296743842335,21.73537028764217,-1.828911603512196,0.2180687508325653,0.8717430743286781,299.75607279834816,0.4117978573104634,0.6702890754332282,62.77138492439571
16,solid,2,0.10469948748470323,0.115432262650557,-10.251029325641973,19.601108884686774,18.75345582830928,-4.324515828998405,0.3089585239905873,0.7749336523563909,150.82125663572884,0.3807429065377454,0.5038967165172131,32.345661039192265
16,solid,3,0.122302459418604,0.1413764617344965,-15.59576349205539,18.25129619023278,16.992457834794806,-6.897254541908334,0.4493647207653788,0.6725465943295487,49.666087089354974,0.3941771747367844,0.44704894509999893,13.413199381349312
16,solid,5,0.17969952245937698,0.19040483039964723,-5.957338001657905,14.909061540016744,14.40644076301176,-3.3712435598707633,0.6093549034708259,0.5648589628140802,-7.302138770575431,0.4383800086437756,0.4103742722051993,-6.38846112650487
24,smooth,1,0.03579438381926065,0.014428872840951736,59.68956215643059,28.923702186475264,36.81535187857999,27.284369204281404,0.4113236757686762,0.9765646621792955,137.41999785310307,0.5765353342580521,0.8890532536541166,54.20620399584809
24,smooth,2,0.055800704392165404,0.022764484580414097,59.203947641187305,25.067206375477923,32.854843565509036,31.067032653664167,0.4382056214603356,0.9716192752519228,121.72679392244387,0.6467481995222463,0.8313912783401982,28.549453860768075
24,smooth,3,0.06395144206962021,0.021388135862519458,66.55566290555974,23.882993159494706,33.3965413164245,39.833986022592306,0.5580092244091508,0.9674215156818029,73.37016546745426,0.7186961763108631,0.8028532597193997,11.709688486242266
24,smooth,5,0.10133690898575495,0.034754104553864254,65.70439645169198,19.884646936944698,29.179877933807873,46.7457683625908,0.7382259435783924,0.9402851652681109,27.370918544298185,0.7484079232233399,0.7858402160082506,5.0015895908333565
24,solid,1,0.06107986012969698,0.08188046668429161,-34.05477109873306,24.28203932261041,21.736393814124433,-10.483656148746856,0.2953869408887379,0.8771803697539435,196.95976643881053,0.4161760797426024,0.697841143625487,67.67930152475114
24,solid,2,0.07872355180416958,0.11631618718166836,-47.75271759970019,22.07790639769445,18.687196846533865,-15.357930639268712,0.3649302004022707,0.7786409034084772,113.36707747129834,0.4189651702681891,0.521724602258233,24.526962927315726
24,solid,3,0.09084654210817844,0.14329296609555364,-57.73078729284262,20.833831971833785,16.875502550861494,-18.99952647368827,0.49897654225135885,0.6733435547610769,34.94493182444654,0.4557997794970379,0.4400195557692142,-3.462095515982205
24,solid,5,0.12035291996851806,0.17901610327319162,-48.742634013382215,18.39086737062387,14.942158011896254,-18.752293131297947,0.7268679745696917,0.6117256361479219,-15.84088754081296,0.4742267193937761,0.42329531548174326,-10.739884917733141
32,smooth,1,0.019566137452546914,0.0069325785010978976,64.56848717376516,34.16989799742748,43.18210407971715,26.37469413273683,0.5699749494991613,0.9840109475333614,72.64108684039795,0.6258404484422713,0.9177264528435951,46.63904436471526
32,smooth,2,0.02294352776495415,0.00948143205322801,58.67491629726298,32.78679609568624,40.46252125778569,23.411025400891006,0.6388221881031292,0.9863754607209666,54.40532265321531,0.6884476375300451,0.8574781957874048,24.55242040829618
32,smooth,3,0.028071920541863055,0.010735557340562266,61.75695451776247,31.034557481403912,39.38350808156896,26.90210938296056,0.7253426427257952,0.9885333985650626,36.28502452995345,0.7397088115452986,0.8157647586804554,10.281876590907597
32,smooth,5,0.048126402500981144,0.015443084421536453,67.9114090831501,26.35233202153932,36.2253190884623,37.465325872690144,0.8795129814177778,0.9851209626160523,12.007552296503244,0.7868421130006916,0.7904487678458693,0.458370845381336
32,solid,1,0.04358177087157193,0.08208143465987926,-88.3389156024873,27.213902538185117,21.71510122704678,-20.20585361993822,0.367781745375901,0.8790031131164062,139.00128926137918,0.43396360921357,0.6975497759561459,60.739232771210325
32,solid,2,0.05946910370432456,0.11655047879200081,-95.98492583893665,24.51417213944756,18.66971876096387,-23.84112074125052,0.4117040392075453,0.780193819381062,89.50356204490778,0.4358834330687499,0.5171451285152746,18.642987845263598
32,solid,3,0.06934335555819145,0.1426132151438464,-105.66240845407093,23.179902929062315,16.91680458110949,-27.01951930998093,0.5286363664087685,0.6786114802929342,28.370184764813782,0.4571691448273598,0.44688061120962275,-2.2504873161600436
32,solid,5,0.0988662076754765,0.1784063147379783,-80.45226871004127,20.099042485118574,14.971795554430752,-25.509906427055217,0.7569934656729553,0.6160149553404801,-18.623477840346684,0.4949094114928622,0.42877979606155403,-13.3619636029617
