Sensors,Target_Type,Target_Count,Method,Mean_RMSE,Mean_PSNR,Mean_SSIM,Mean_FSIM
16,smooth,1,CE+CNN,0.04193584128589553,27.548292801275615,0.9265055127247886,0.8412103831954546
16,smooth,1,Tikhonov,0.0744839020736398,22.558751590948024,0.24161172803317424,0.5316818798784797
16,smooth,2,CE+CNN,0.05008957983896936,26.005052224817188,0.9077774661688284,0.8087211789083868
16,smooth,2,Tikhonov,0.09901911474964113,20.0856192133051,0.30464930490183934,0.6223785771283143
16,smooth,3,CE+CNN,0.05346128668037448,25.439211861285813,0.8820389959407087,0.778693726489657
16,smooth,3,Tikhonov,0.11327465107541376,18.917345338438924,0.42832650163010855,0.6429707830470907
16,smooth,5,CE+CNN,0.05268783518671688,25.56579290300903,0.8865180316871856,0.7774660472571135
16,smooth,5,Tikhonov,0.1356681211030645,17.350443791906144,0.6352301085148425,0.68737674196056
16,solid,1,CE+CNN,0.08189011587021564,21.73537028764217,0.8717430743286781,0.6702890754332282
16,solid,1,Tikhonov,0.07816011015923587,22.140296743842335,0.2180687508325653,0.4117978573104634
16,solid,2,CE+CNN,0.115432262650557,18.75345582830928,0.7749336523563909,0.5038967165172131
16,solid,2,Tikhonov,0.10469948748470323,19.601108884686774,0.3089585239905873,0.3807429065377454
16,solid,3,CE+CNN,0.1413764617344965,16.992457834794806,0.6725465943295487,0.44704894509999893
16,solid,3,Tikhonov,0.122302459418604,18.25129619023278,0.4493647207653788,0.3941771747367844
16,solid,5,CE+CNN,0.19040483039964723,14.40644076301176,0.5648589628140802,0.4103742722051993
16,solid,5,Tikhonov,0.17969952245937698,14.909061540016744,0.6093549034708259,0.4383800086437756
24,smooth,1,CE+CNN,0.014428872840951736,36.81535187857999,0.9765646621792955,0.8890532536541166
24,smooth,1,Tikhonov,0.03579438381926065,28.923702186475264,0.4113236757686762,0.5765353342580521
24,smooth,2,CE+CNN,0.022764484580414097,32.854843565509036,0.9716192752519228,0.8313912783401982
24,smooth,2,Tikhonov,0.055800704392165404,25.067206375477923,0.4382056214603356,0.6467481995222463
24,smooth,3,CE+CNN,0.021388135862519458,33.3965413164245,0.9674215156818029,0.8028532597193997
24,smooth,3,Tikhonov,0.06395144206962021,23.882993159494706,0.5580092244091508,0.7186961763108631
24,smooth,5,CE+CNN,0.034754104553864254,29.179877933807873,0.9402851652681109,0.7858402160082506
24,smooth,5,Tikhonov,0.10133690898575495,19.884646936944698,0.7382259435783924,0.7484079232233399
24,solid,1,CE+CNN,0.08188046668429161,21.736393814124433,0.8771803697539435,0.697841143625487
24,solid,1,Tikhonov,0.06107986012969698,24.28203932261041,0.2953869408887379,0.4161760797426024
24,solid,2,CE+CNN,0.11631618718166836,18.687196846533865,0.7786409034084772,0.521724602258233
24,solid,2,Tikhonov,0.07872355180416958,22.07790639769445,0.3649302004022707,0.4189651702681891
24,solid,3,CE+CNN,0.14329296609555364,16.875502550861494,0.6733435547610769,0.4400195557692142
24,solid,3,Tikhonov,0.09084654210817844,20.833831971833785,0.49897654225135885,0.4557997794970379
24,solid,5,CE+CNN,0.17901610327319162,14.942158011896254,0.6117256361479219,0.42329531548174326
24,solid,5,Tikhonov,0.12035291996851806,18.39086737062387,0.7268679745696917,0.4742267193937761
32,smooth,1,CE+CNN,0.0069325785010978976,43.18210407971715,0.9840109475333614,0.9177264528435951
32,smooth,1,Tikhonov,0.019566137452546914,34.16989799742748,0.5699749494991613,0.6258404484422713
32,smooth,2,CE+CNN,0.00948143205322801,40.46252125778569,0.9863754607209666,0.8574781957874048
32,smooth,2,Tikhonov,0.02294352776495415,32.78679609568624,0.6388221881031292,0.6884476375300451
32,smooth,3,CE+CNN,0.010735557340562266,39.38350808156896,0.9885333985650626,0.8157647586804554
32,smooth,3,Tikhonov,0.028071920541863055,31.034557481403912,0.7253426427257952,0.7397088115452986
32,smooth,5,CE+CNN,0.015443084421536453,36.2253190884623,0.9851209626160523,0.7904487678458693
32,smooth,5,Tikhonov,0.048126402500981144,26.35233202153932,0.8795129814177778,0.7868421130006916
32,solid,1,CE+CNN,0.08208143465987926,21.71510122704678,0.8790031131164062,0.6975497759561459
32,solid,1,Tikhonov,0.04358177087157193,27.213902538185117,0.367781745375901,0.43396360921357
32,solid,2,CE+CNN,0.11655047879200081,18.66971876096387,0.780193819381062,0.5171451285152746
32,solid,2,Tikhonov,0.05946910370432456,24.51417213944756,0.4117040392075453,0.4358834330687499
32,solid,3,CE+CNN,0.1426132151438464,16.91680458110949,0.6786114802929342,0.44688061120962275
32,solid,3,Tikhonov,0.06934335555819145,23.179902929062315,0.5286363664087685,0.4571691448273598
32,solid,5,CE+CNN,0.1784063147379783,14.971795554430752,0.6160149553404801,0.42877979606155403
32,solid,5,Tikhonov,0.0988662076754765,20.099042485118574,0.7569934656729553,0.4949094114928622
